ionary.org,,https://ionary.org
ionary.org,,https://ionary.org
ionary.org,,https://ionary.org
driftwoodpyre.bandcamp.co,,https://driftwoodpyre.bandcamp.co
www.vfsglobal.co,,https://www.vfsglobal.co
www.pottermore.co,,https://www.pottermore.co
headspacee.bandcamp.co,,https://headspacee.bandcamp.co
www.hairbro.co,,https://www.hairbro.co
www.lanebryant.co,,https://www.lanebryant.co
www.fullernaples.co,,https://www.fullernaples.co
alternativeafrica.com,,https://alternativeafrica.com
rammingspeed-official.bandcamp.co,,https://rammingspeed-official.bandcamp.co
aminded.bandcamp.co,,https://aminded.bandcamp.co
lawncare.bandcamp.co,,https://lawncare.bandcamp.co
ceo.ca,,https://ceo.ca
www.seinajoki.fi,,https://www.seinajoki.fi
ronspenoandthesuperstitions.bandcamp.co,,https://ronspenoandthesuperstitions.bandcamp.co
www.knittingparadise.com,,https://www.knittingparadise.com
www.fowsystem.com,,https://www.fowsystem.com
halfwaif.bandcamp.co,,https://halfwaif.bandcamp.co
strathprints.strath.ac.uk,,https://strathprints.strath.ac.uk
www.kongsberg.com,,https://www.kongsberg.com
calliopemusicals.bandcamp.co,,https://calliopemusicals.bandcamp.co
www.citywest.ca,,https://www.citywest.ca
invictusexplained.wordpress.co,,https://invictusexplained.wordpress.co
undogmatic.bandcamp.co,,https://undogmatic.bandcamp.co
docs.marklogic.com,,https://docs.marklogic.com
www.dibpak.com,,https://www.dibpak.com
fleshrag.bandcamp.co,,https://fleshrag.bandcamp.co
longhallways.bandcamp.co,,https://longhallways.bandcamp.co
www.curbellplastics.com,,https://www.curbellplastics.com
www.cira.it,,https://www.cira.it
brusquetwins.bandcamp.co,,https://brusquetwins.bandcamp.co
www.swgas.co,,https://www.swgas.co
www.honeybutter.co,,https://www.honeybutter.co
www.pepperfry.co,,https://www.pepperfry.co
asfanning.bandcamp.co,,https://asfanning.bandcamp.co
groundwork-inspections.co,,https://groundwork-inspections.co
www.worldskillsuk.org,,https://www.worldskillsuk.org
community.quickbase.com,,https://community.quickbase.com
ejatlas.org,,https://ejatlas.org
discuss.inventables.com,,https://discuss.inventables.com
powertripsl.bandcamp.co,,https://powertripsl.bandcamp.co
www.gore.co,,https://www.gore.co
www.aifs.com.au,,https://www.aifs.com.au
www.hotelguarani.com.py,,https://www.hotelguarani.com.py
spiraldeluxe.bandcamp.co,,https://spiraldeluxe.bandcamp.co
www.saddahaq.com,,https://www.saddahaq.com
supinenoise.bandcamp.co,,https://supinenoise.bandcamp.co
www.techchange.org,,https://www.techchange.org
rtl.hu,,https://rtl.hu
behindtheblack.com,,https://behindtheblack.com
anklegrease.bandcamp.co,,https://anklegrease.bandcamp.co
wiaiwya.bandcamp.co,,https://wiaiwya.bandcamp.co
clinate.com,,https://clinate.com
www.ucb.com,,https://www.ucb.com
www.fiepi.com.br,,https://www.fiepi.com.br
www.fiepi.com.br,,https://www.fiepi.com.br
clandestinerecords.bandcamp.co,,https://clandestinerecords.bandcamp.co
compassionchristian.co,,https://compassionchristian.co
djinnofthujone.bandcamp.co,,https://djinnofthujone.bandcamp.co
hardware.support.eu.playstation.co,,https://hardware.support.eu.playstation.co
sirrobinandthelongbowmen.bandcamp.co,,https://sirrobinandthelongbowmen.bandcamp.co
www.agru.at,,https://www.agru.at
witheringtrees.bandcamp.co,,https://witheringtrees.bandcamp.co
orsp.umich.edu,,https://orsp.umich.edu
www.sleepmedicine.com,,https://www.sleepmedicine.com
www.twago.co,,https://www.twago.co
dauw.bandcamp.co,,https://dauw.bandcamp.co
www.thethingsnetwork.org,,https://www.thethingsnetwork.org
epimetheusmelb.bandcamp.co,,https://epimetheusmelb.bandcamp.co
www.notmar.gc.ca,,https://www.notmar.gc.ca
cumbriantethera.bandcamp.co,,https://cumbriantethera.bandcamp.co
phc.amedd.army.mil,,https://phc.amedd.army.mil
100vids.com,,https://100vids.com
evangelistdoom.bandcamp.co,,https://evangelistdoom.bandcamp.co
rubberneckzine.bandcamp.co,,https://rubberneckzine.bandcamp.co
tremologhosts.bandcamp.co,,https://tremologhosts.bandcamp.co
superkick.bandcamp.co,,https://superkick.bandcamp.co
ammo.co,,https://ammo.co
demonbitch.bandcamp.co,,https://demonbitch.bandcamp.co
tuques.bandcamp.co,,https://tuques.bandcamp.co
agents.etihad.co,,https://agents.etihad.co
www.aflac.co,,https://www.aflac.co
whatismyipaddress.co,,https://whatismyipaddress.co
www.staffmarket.com,,https://www.staffmarket.com
chely.merchtable.com,,https://chely.merchtable.com
www.lulus.co,,https://www.lulus.co
crucialrecordings.bandcamp.co,,https://crucialrecordings.bandcamp.co
www.biodiversidad.gob.mx,,https://www.biodiversidad.gob.mx
www.ookla.co,,https://www.ookla.co
www.junaeb.cl,,https://www.junaeb.cl
duckduckgo.co,,https://duckduckgo.co
ducktails.bandcamp.co,,https://ducktails.bandcamp.co
channelstore.roku.co,,https://channelstore.roku.co
whdh.co,,https://whdh.co
www.b-ch.co,,https://www.b-ch.co
grifterrock.bandcamp.co,,https://grifterrock.bandcamp.co
www.doaks.org,,https://www.doaks.org
ormco.co,,https://ormco.co
www.cigna.co,,https://www.cigna.co
moonwalks.bandcamp.co,,https://moonwalks.bandcamp.co
thesanhedrin.bandcamp.co,,https://thesanhedrin.bandcamp.co
www.canfor.co,,https://www.canfor.co
defying.bandcamp.co,,https://defying.bandcamp.co
cscmp.org,,https://cscmp.org
stopandshop.co,,https://stopandshop.co
monkeypalace.net,,https://monkeypalace.net
causticcasanova.bandcamp.co,,https://causticcasanova.bandcamp.co
fridamelbourne.bandcamp.co,,https://fridamelbourne.bandcamp.co
digitum.um.es,,https://digitum.um.es
www.g2crowd.co,,https://www.g2crowd.co
miniskirt666.bandcamp.co,,https://miniskirt666.bandcamp.co
conferences.moneyshow.com,,https://conferences.moneyshow.com
www.ryobi-sol.co.jp,,https://www.ryobi-sol.co.jp
karenhuntershow.co,,https://karenhuntershow.co
www.fmi.ch,,https://www.fmi.ch
muscleactivation.com,,https://muscleactivation.com
foleymotorsports.co,,https://foleymotorsports.co
www.journaldugeek.com,,https://www.journaldugeek.com
soulsellerrecords.bandcamp.co,,https://soulsellerrecords.bandcamp.co
download.asperasoft.com,,https://download.asperasoft.com
pypicloud.readthedocs.io,,pypicloud.readthedocs.io
