ebook.com,,https://ebook.com
ionary.org,,https://ionary.org
ebook.com,,https://ebook.com
ionary.org,,https://ionary.org
ionary.org,,https://ionary.org
integralcare.e3applicants.com,,https://integralcare.e3applicants.com
www.lalpathlabs.co,,https://www.lalpathlabs.co
www.tosbase.com,,https://www.tosbase.com
www.rbi.org.in,,https://www.rbi.org.in
www.nanaimo.ca,,https://www.nanaimo.ca
www.containerstore.com,,https://www.containerstore.com
www.driftwoodlib.org,,https://www.driftwoodlib.org
es.aegeanair.co,,https://es.aegeanair.co
www.brandextract.com,,https://www.brandextract.com
vet.uga.edu,,https://vet.uga.edu
decisionaid.ohri.ca,,https://decisionaid.ohri.ca
iwaponline.com,,https://iwaponline.com
www.stmath.co,,https://www.stmath.co
www.bellflight.com,,https://www.bellflight.com
iwaponline.com,,https://iwaponline.com
www.physicsclassroom.co,,https://www.physicsclassroom.co
www.automart.co.za,,https://www.automart.co.za
www.vermonttimberworks.com,,https://www.vermonttimberworks.com
moon.vn,,https://moon.vn
www.kickstarter.co,,https://www.kickstarter.co
srandi.com,,https://srandi.com
www.keralapsc.gov.in,,https://www.keralapsc.gov.in
sol.du.ac.in,,https://sol.du.ac.in
www.dvdfab.cn,,https://www.dvdfab.cn
eta.gov.lk,,https://eta.gov.lk
www.chemours.com,,https://www.chemours.com
www.employeenavigator.co,,https://www.employeenavigator.co
www.rssc.co,,https://www.rssc.co
unzip-wizard.en.softonic.co,,https://unzip-wizard.en.softonic.co
www.maggiesottero.co,,https://www.maggiesottero.co
www.scientificamerican.co,,https://www.scientificamerican.co
www.againstmalaria.com,,https://www.againstmalaria.com
orbmedia.org,,https://orbmedia.org
www.sgcarmart.com,,https://www.sgcarmart.com
www.redalyc.org,,https://www.redalyc.org
zkm.de,,https://zkm.de
www.carat.com,,https://www.carat.com
www.deccanrummy.co,,https://www.deccanrummy.co
dallas.skincareshows.com,,https://dallas.skincareshows.com
www.newbeauty.com,,https://www.newbeauty.com
www.schweitzer.com,,https://www.schweitzer.com
www.ejao.org,,https://www.ejao.org
www.aphl.org,,https://www.aphl.org
www.rvca.com,,https://www.rvca.com
www.fullernaples.co,,https://www.fullernaples.co
www.wbdg.org,,https://www.wbdg.org
www.sfbar.org,,https://www.sfbar.org
www.budapester.hu,,https://www.budapester.hu
www.boersen-zeitung.de,,https://www.boersen-zeitung.de
sondervig.dk,,https://sondervig.dk
arctic.journalhosting.ucalgary.ca,,https://arctic.journalhosting.ucalgary.ca
www.hwalibrary.com,,https://www.hwalibrary.com
bestsellerexperiment.com,,https://bestsellerexperiment.com
www.unitedhq.co,,https://www.unitedhq.co
www.martinbros.com,,https://www.martinbros.com
www.stanleysteemer.co,,https://www.stanleysteemer.co
www.pedroamador.com,,https://www.pedroamador.com
www.freedom.com.au,,https://www.freedom.com.au
agora-parl.org,,https://agora-parl.org
www.osehra.org,,https://www.osehra.org
gunsoficarus.com,,https://gunsoficarus.com
www.teamwendy.com,,https://www.teamwendy.com
k9ballistics.co,,https://k9ballistics.co
www.gartnerstudios.co,,https://www.gartnerstudios.co
www.currentcatalog.co,,https://www.currentcatalog.co
www.mnstate.edu,,https://www.mnstate.edu
zeitgeistfilms.com,,https://zeitgeistfilms.com
trojan-guarder.en.softonic.co,,https://trojan-guarder.en.softonic.co
hoi4.paradoxwikis.com,,https://hoi4.paradoxwikis.com
www.epa.ie,,https://www.epa.ie
media.asrt.org,,https://media.asrt.org
www.dupagemedicalgroup.co,,https://www.dupagemedicalgroup.co
www.washingtonradiology.co,,https://www.washingtonradiology.co
www.peaceloveburgers.com,,https://www.peaceloveburgers.com
www.lexie.com,,https://www.lexie.com
music.allaccess.com,,https://music.allaccess.com
www.markelinsurance.co,,https://www.markelinsurance.co
www.thumbtack.co,,https://www.thumbtack.co
brewpublic.com,,https://brewpublic.com
www.fourseasons.co,,https://www.fourseasons.co
www.beermenus.com,,https://www.beermenus.com
www.conns.co,,https://www.conns.co
nsla.libguides.com,,https://nsla.libguides.com
www.legendsofamerica.com,,https://www.legendsofamerica.com
www.davidrumsey.com,,https://www.davidrumsey.com
www.e-jsm.org,,https://www.e-jsm.org
dontforgetthebubbles.com,,https://dontforgetthebubbles.com
ybca.org,,https://ybca.org
www.skystore.co,,https://www.skystore.co
www.hytest.fi,,https://www.hytest.fi
www.athenadiagnostics.co,,https://www.athenadiagnostics.co
www.ssdcl.com.sg,,https://www.ssdcl.com.sg
www.cmnh.org,,https://www.cmnh.org
www.mtbachelor.com,,https://www.mtbachelor.com
sol.du.ac.in,,https://sol.du.ac.in
sol.du.ac.in,,https://sol.du.ac.in
consumerhelpline.gov.in,,https://consumerhelpline.gov.in
www.sgcarmart.com,,https://www.sgcarmart.com
howlingpixel.com,,https://howlingpixel.com
www.conrad.cz,,https://www.conrad.cz
draxe.co,,https://draxe.co
www.freemanhealth.co,,https://www.freemanhealth.co
www.dutchwonderland.com,,https://www.dutchwonderland.com
keukenhof.nl,,https://keukenhof.nl
www.vp.com,,https://www.vp.com
www.lecreuset.co,,https://www.lecreuset.co
www.lactaid.com,,https://www.lactaid.com
www.palmbeachpost.co,,https://www.palmbeachpost.co
chicago.suntimes.co,,https://chicago.suntimes.co
www.guardianlife.co,,https://www.guardianlife.co
www.invitationhomes.co,,https://www.invitationhomes.co
eu4.paradoxwikis.com,,https://eu4.paradoxwikis.com
www.justbats.co,,https://www.justbats.co
www.clearcareonline.co,,https://www.clearcareonline.co
www.gopatientco.co,,https://www.gopatientco.co
www.cmrbristol.com,,https://www.cmrbristol.com
swifto.com,,https://swifto.com
www.tdh.ch,,https://www.tdh.ch
www.henry-lemoine.com,,https://www.henry-lemoine.com
www.chusj.org,,https://www.chusj.org
ccrma.stanford.edu,,https://ccrma.stanford.edu
www.acousticguitarforum.com,,https://www.acousticguitarforum.com
www.avinc.com,,https://www.avinc.com
www.presstv.co,,https://www.presstv.co
www.jossandmain.co,,https://www.jossandmain.co
www.pepperfry.co,,https://www.pepperfry.co
bgp.he.net,,https://bgp.he.net
www.celebdino.com,,https://www.celebdino.com
www.citywest.ca,,https://www.citywest.ca
www.marsrouge.co,,https://www.marsrouge.co
stanza-desktop.en.softonic.co,,https://stanza-desktop.en.softonic.co
www.mikerindersblog.org,,https://www.mikerindersblog.org
totaliceland.com,,https://totaliceland.com
bio-protocol.org,,https://bio-protocol.org
www.pu.nl,,https://www.pu.nl
www.ferro.com,,https://www.ferro.com
ehs.mit.edu,,https://ehs.mit.edu
store.enthought.com,,https://store.enthought.com
www.bonsaiempire.com,,https://www.bonsaiempire.com
chs.harvard.edu,,https://chs.harvard.edu
www.zybuluo.com,,https://www.zybuluo.com
libguides.lub.lu.se,,https://libguides.lub.lu.se
www.bicyclebluebook.com,,https://www.bicyclebluebook.com
press.uchicago.edu,,https://press.uchicago.edu
www.curbellplastics.com,,https://www.curbellplastics.com
www.drscholls.co,,https://www.drscholls.co
www.kelways.co.uk,,https://www.kelways.co.uk
conservancy.umn.edu,,https://conservancy.umn.edu
www.peonysociety.eu,,https://www.peonysociety.eu
www.cira.it,,https://www.cira.it
dontforgetthebubbles.com,,https://dontforgetthebubbles.com
www.accjournal.org,,https://www.accjournal.org
www.midamericanenergy.co,,https://www.midamericanenergy.co
www.nipsco.co,,https://www.nipsco.co
www.oklahomanaturalgas.co,,https://www.oklahomanaturalgas.co
cereals.ahdb.org.uk,,https://cereals.ahdb.org.uk
www.reverbnation.co,,https://www.reverbnation.co
www.frysfood.co,,https://www.frysfood.co
www.pepperfry.co,,https://www.pepperfry.co
www.envirotechint.com,,https://www.envirotechint.com
www.masterbond.com,,https://www.masterbond.com
gunk.com,,https://gunk.com
www.halfords.ie,,https://www.halfords.ie
www.roadmaptozero.com,,https://www.roadmaptozero.com
www.halfords.com,,https://www.halfords.com
discovernorthernireland.com,,https://discovernorthernireland.com
www.medievalcollectibles.co,,https://www.medievalcollectibles.co
www.inyopools.com,,https://www.inyopools.com
herbpathy.com,,https://herbpathy.com
e-rocks.com,,https://e-rocks.com
www.alsintl.com,,https://www.alsintl.com
photius.com,,https://photius.com
www.orvis.co,,https://www.orvis.co
www.tetongravity.com,,https://www.tetongravity.com
www.laweekly.co,,https://www.laweekly.co
www.bigfinish.co,,https://www.bigfinish.co
www.ripcurl.com.au,,https://www.ripcurl.com.au
www.ripcurl.asia,,https://www.ripcurl.asia
www.greeka.com,,https://www.greeka.com
www.leyton.com,,https://www.leyton.com
nmpb.nic.in,,https://nmpb.nic.in
www.elitez.com.sg,,https://www.elitez.com.sg
foicica.com,,https://foicica.com
kb.groundworkopensource.com,,https://kb.groundworkopensource.com
www.thegearpage.net,,https://www.thegearpage.net
boinc.berkeley.edu,,https://boinc.berkeley.edu
www.vermillionbank.co,,https://www.vermillionbank.co
www.holidayautos.co,,https://www.holidayautos.co
www.ccnsa-nccah.ca,,https://www.ccnsa-nccah.ca
infobase.phac-aspc.gc.ca,,https://infobase.phac-aspc.gc.ca
www.usccr.gov,,https://www.usccr.gov
www.hgrc-nm.org,,https://www.hgrc-nm.org
www.worldtimeserver.com,,https://www.worldtimeserver.com
www.nmcourts.gov,,https://www.nmcourts.gov
aeromexico.co,,https://aeromexico.co
web-app.usc.edu,,https://web-app.usc.edu
file-scavenger.en.softonic.co,,https://file-scavenger.en.softonic.co
www.worldskillsuk.org,,https://www.worldskillsuk.org
www.informingscience.org,,https://www.informingscience.org
nhm.org,,https://nhm.org
www.thebostoncalendar.com,,https://www.thebostoncalendar.com
elibrary.ru,,https://elibrary.ru
robotask.com,,https://robotask.com
www.ffri.hr,,https://www.ffri.hr
www.brunswickbilliards.com,,https://www.brunswickbilliards.com
revistas-filologicas.unam.mx,,https://revistas-filologicas.unam.mx
convergencia.uaemex.mx,,https://convergencia.uaemex.mx
www.fide.com,,https://www.fide.com
discuss.inventables.com,,https://discuss.inventables.com
www.newsinlevels.co,,https://www.newsinlevels.co
brawl.edhrec.co,,https://brawl.edhrec.co
omekalib.bard.edu,,https://omekalib.bard.edu
skype-for-business.en.softonic.co,,https://skype-for-business.en.softonic.co
www.viber.co,,https://www.viber.co
appfluence.com,,https://appfluence.com
w2.vatican.va,,https://w2.vatican.va
www.ponant.com,,https://www.ponant.com
sensing.konicaminolta.us,,https://sensing.konicaminolta.us
www.lifeloc.co,,https://www.lifeloc.co
matrix.itasoftware.co,,https://matrix.itasoftware.co
global.hurtigruten.co,,https://global.hurtigruten.co
www.celebritycruises.co,,https://www.celebritycruises.co
www.capetown.gov.za,,https://www.capetown.gov.za
www.tzell.co,,https://www.tzell.co
www.housejoy.in,,https://www.housejoy.in
www.pfmjournal.org,,https://www.pfmjournal.org
hattrbridge.co,,https://hattrbridge.co
chs.harvard.edu,,https://chs.harvard.edu
www.e-algae.org,,https://www.e-algae.org
www.humanbenchmark.com,,https://www.humanbenchmark.com
go.spcollege.edu,,https://go.spcollege.edu
www.nobodesign.se,,https://www.nobodesign.se
interactive.planningportal.co.uk,,https://interactive.planningportal.co.uk
recon.cx,,https://recon.cx
proceedings.asmedigitalcollection.asme.org,,https://proceedings.asmedigitalcollection.asme.org
www.globalsources.co,,https://www.globalsources.co
www.familydollar.co,,https://www.familydollar.co
www.saddahaq.com,,https://www.saddahaq.com
www.mayfieldclinic.com,,https://www.mayfieldclinic.com
fpnotebook.com,,https://fpnotebook.com
easychair.org,,https://easychair.org
eau18.uroweb.org,,https://eau18.uroweb.org
faculty.missouri.edu,,https://faculty.missouri.edu
www.youbemom.com,,https://www.youbemom.com
menstrualcupreviews.net,,https://menstrualcupreviews.net
hep.uchicago.edu,,https://hep.uchicago.edu
competition.adesignaward.com,,https://competition.adesignaward.com
ujp.bitp.kiev.ua,,https://ujp.bitp.kiev.ua
www.waterpik.com,,https://www.waterpik.com
www.newcosmos-global.com,,https://www.newcosmos-global.com
khkgears.net,,https://khkgears.net
us.mentos.com,,https://us.mentos.com
mansfield.energy,,https://mansfield.energy
urologyweek.org,,https://urologyweek.org
clinate.com,,https://clinate.com
www.gelest.com,,https://www.gelest.com
batepapo.uol.com.br,,https://batepapo.uol.com.br
www.xscores.co,,https://www.xscores.co
musescore.co,,https://musescore.co
admissions.tc.umn.edu,,https://admissions.tc.umn.edu
www.marwadionline.com,,https://www.marwadionline.com
netforum.avectra.com,,https://netforum.avectra.com
realestateguysradio.com,,https://realestateguysradio.com
www.slantmagazine.com,,https://www.slantmagazine.com
www.rbg.ca,,https://www.rbg.ca
www.mbam.qc.ca,,https://www.mbam.qc.ca
www.nhlottery.co,,https://www.nhlottery.co
www.coinwarz.com,,https://www.coinwarz.com
www.smgov.net,,https://www.smgov.net
touriocity.com,,https://touriocity.com
pierce.instructure.co,,https://pierce.instructure.co
sites.evergreen.edu,,https://sites.evergreen.edu
www.surlyhorns.com,,https://www.surlyhorns.com
projects.lukehaas.me,,https://projects.lukehaas.me
www.visitingangels.co,,https://www.visitingangels.co
west-sussex-family-assist.custhelp.co,,https://west-sussex-family-assist.custhelp.co
apps1.cdfa.ca.gov,,https://apps1.cdfa.ca.gov
www.hdmi.org,,https://www.hdmi.org
www.fathomevents.co,,https://www.fathomevents.co
www.awaytravel.co,,https://www.awaytravel.co
districts.ecourts.gov.in,,https://districts.ecourts.gov.in
www.tenderdetail.com,,https://www.tenderdetail.com
www.mahanews.gov.in,,https://www.mahanews.gov.in
biaa.ac.uk,,https://biaa.ac.uk
www2.stat.duke.edu,,https://www2.stat.duke.edu
mainline.i3s.unice.fr,,https://mainline.i3s.unice.fr
www.unitedwifi.co,,https://www.unitedwifi.co
www.southernrailway.co,,https://www.southernrailway.co
virtual-piano-1.en.softonic.co,,https://virtual-piano-1.en.softonic.co
www.nordkeyboards.com,,https://www.nordkeyboards.com
docs.pulsesecure.net,,https://docs.pulsesecure.net
nlp.stanford.edu,,https://nlp.stanford.edu
marketchameleon.com,,https://marketchameleon.com
finviz.com,,https://finviz.com
www.trade-ideas.com,,https://www.trade-ideas.com
life.pintoru.com,,https://life.pintoru.com
www.abyssinica.com,,https://www.abyssinica.com
www.wbdg.org,,https://www.wbdg.org
www.bradfordwhite.com,,https://www.bradfordwhite.com
www.aosmithindia.com,,https://www.aosmithindia.com
www.greif.co,,https://www.greif.co
www.mcmaster.co,,https://www.mcmaster.co
www.dethlefsen-balk.de,,https://www.dethlefsen-balk.de
www.songfacts.com,,https://www.songfacts.com
orbi.uliege.be,,https://orbi.uliege.be
awoko.org,,https://awoko.org
www.anc1912.org.za,,https://www.anc1912.org.za
www.tomorrowsleep.co,,https://www.tomorrowsleep.co
playground.arduino.cc,,https://playground.arduino.cc
repozitorij.uni-lj.si,,https://repozitorij.uni-lj.si
www.feelif.com,,https://www.feelif.com
www.dlib.si,,https://www.dlib.si
www.posta.si,,https://www.posta.si
www.ntuc.org.sg,,https://www.ntuc.org.sg
dict.eudic.net,,https://dict.eudic.net
www.gigmit.com,,https://www.gigmit.com
www.iadc-online.org,,https://www.iadc-online.org
www.wolf-alkmaar.nl,,https://www.wolf-alkmaar.nl
openpsychometrics.org,,https://openpsychometrics.org
www.mathnasium.com,,https://www.mathnasium.com
e-aaps.org,,https://e-aaps.org
www.gminsights.com,,https://www.gminsights.com
araiindia.com,,https://araiindia.com
www.cokesbury.co,,https://www.cokesbury.co
www.vonmaur.co,,https://www.vonmaur.co
www.spiritdaily.co,,https://www.spiritdaily.co
www.crowdcow.co,,https://www.crowdcow.co
www.milwaukeetool.co,,https://www.milwaukeetool.co
www.jmisst.org,,https://www.jmisst.org
www.millsandboon.co.uk,,https://www.millsandboon.co.uk
www.tecnicasports.com,,https://www.tecnicasports.com
dailyverses.net,,https://dailyverses.net
www.tatapower.com,,https://www.tatapower.com
parco.jp,,https://parco.jp
parco.jp,,https://parco.jp
loyaltylobby.co,,https://loyaltylobby.co
www.hobbylobby.co,,https://www.hobbylobby.co
portfolio.du.edu,,https://portfolio.du.edu
canonn.science,,https://canonn.science
www.cedia.net,,https://www.cedia.net
www.notmar.gc.ca,,https://www.notmar.gc.ca
bangordailynews.co,,https://bangordailynews.co
www.thediscworld.de,,https://www.thediscworld.de
www.koncertomania.pl,,https://www.koncertomania.pl
www.longroom.com,,https://www.longroom.com
www.charlotteobserver.co,,https://www.charlotteobserver.co
treeofsavior.com,,https://treeofsavior.com
seu.conselldemallorca.net,,https://seu.conselldemallorca.net
tvi24.iol.pt,,https://tvi24.iol.pt
www.discounttire.co,,https://www.discounttire.co
www.shopbmwusa.co,,https://www.shopbmwusa.co
onlinebooks.library.upenn.edu,,https://onlinebooks.library.upenn.edu
archivaria.ca,,https://archivaria.ca
kb.drakesoftware.com,,https://kb.drakesoftware.com
www.judici.co,,https://www.judici.co
www.speechink.com,,https://www.speechink.com
www.sezane.co,,https://www.sezane.co
bio-protocol.org,,https://bio-protocol.org
www.ehs.harvard.edu,,https://www.ehs.harvard.edu
sccn.ucsd.edu,,https://sccn.ucsd.edu
pgjonline.com,,https://pgjonline.com
www.rrc.state.tx.us,,https://www.rrc.state.tx.us
www.naesb.org,,https://www.naesb.org
www.odorizationbymrr.com,,https://www.odorizationbymrr.com
www.labelmaster.com,,https://www.labelmaster.com
assembly.state.ny.us,,https://assembly.state.ny.us
www.treasury.state.la.us,,https://www.treasury.state.la.us
www.kslottery.co,,https://www.kslottery.co
www.rovigooggi.it,,https://www.rovigooggi.it
www.chairish.co,,https://www.chairish.co
www.4wheelparts.co,,https://www.4wheelparts.co
www.chandos.net,,https://www.chandos.net
www.netsquared.org,,https://www.netsquared.org
www.labdoo.org,,https://www.labdoo.org
hivhealthclearinghouse.unesco.org,,https://hivhealthclearinghouse.unesco.org
www.terri.com,,https://www.terri.com
binaryrobot365.co,,https://binaryrobot365.co
www.aquariussoft.com,,https://www.aquariussoft.com
shop.franklinplanner.co,,https://shop.franklinplanner.co
www.mercatinomusicale.com,,https://www.mercatinomusicale.com
www.wandoujia.com,,https://www.wandoujia.com
crn.lhh.co,,https://crn.lhh.co
www.riogrande.coop,,https://www.riogrande.coop
www.ouidad.co,,https://www.ouidad.co
www.concur.co,,https://www.concur.co
phst.jp,,https://phst.jp
www.over-blog.com,,https://www.over-blog.com
mihealthyschools.org,,https://mihealthyschools.org
wasnap-ed.org,,https://wasnap-ed.org
en.rodovid.org,,https://en.rodovid.org
ammo.co,,https://ammo.co
www.tosoheurope.com,,https://www.tosoheurope.com
www.emka.si,,https://www.emka.si
www.misaves.co,,https://www.misaves.co
agent.convoso.com,,https://agent.convoso.com
agents.sagesure.co,,https://agents.sagesure.co
agent.topflight.ie,,https://agent.topflight.ie
agency.myfirstam.co,,https://agency.myfirstam.co
agent.directhealth.co,,https://agent.directhealth.co
www.auto-owners.co,,https://www.auto-owners.co
www.pinnacol.co,,https://www.pinnacol.co
www.homelight.co,,https://www.homelight.co
www.countryfinancial.co,,https://www.countryfinancial.co
www.aerotek.co,,https://www.aerotek.co
expertdecoders.com,,https://expertdecoders.com
www.berkshireeagle.co,,https://www.berkshireeagle.co
sylviaschroeder.com,,https://sylviaschroeder.com
www.staffmarket.com,,https://www.staffmarket.com
sauder.co,,https://sauder.co
www.cortclearancefurniture.co,,https://www.cortclearancefurniture.co
www.americansignaturefurniture.co,,https://www.americansignaturefurniture.co
www.jossandmain.co,,https://www.jossandmain.co
www.giglon.com,,https://www.giglon.com
www.milb.co,,https://www.milb.co
www.leberry.fr,,https://www.leberry.fr
nccumc.org,,https://nccumc.org
marketrealist.co,,https://marketrealist.co
xoops.ec-cube.net,,https://xoops.ec-cube.net
support.bioconductor.org,,https://support.bioconductor.org
www.crucial.co,,https://www.crucial.co
b2b.orderingmemory.com,,https://b2b.orderingmemory.com
oursocialtimes.com,,https://oursocialtimes.com
oilprice.co,,https://oilprice.co
www.prodigygame.co,,https://www.prodigygame.co
www.opgi.co,,https://www.opgi.co
www.issf-sports.org,,https://www.issf-sports.org
popups.uliege.be,,https://popups.uliege.be
www.biodiversidad.gob.mx,,https://www.biodiversidad.gob.mx
www.viata-libera.ro,,https://www.viata-libera.ro
www.medicine.mcgill.ca,,https://www.medicine.mcgill.ca
www.dotcom-tools.com,,https://www.dotcom-tools.com
www.16personalities.co,,https://www.16personalities.co
www.nccer.org,,https://www.nccer.org
www.speakeasy.net,,https://www.speakeasy.net
www.americastestkitchen.co,,https://www.americastestkitchen.co
www.cooksillustrated.co,,https://www.cooksillustrated.co
revistas.uchile.cl,,https://revistas.uchile.cl
www.touriocity.com,,https://www.touriocity.com
www.dnp.gov.co,,https://www.dnp.gov.co
www.ubiipagos.com,,https://www.ubiipagos.com
fedorani.ni.ac.rs,,https://fedorani.ni.ac.rs
english.tutorvista.com,,https://english.tutorvista.com
neogenomics.co,,https://neogenomics.co
www.rskdatabasen.se,,https://www.rskdatabasen.se
vikingsupply.com,,https://vikingsupply.com
www.wcvb.co,,https://www.wcvb.co
free-ip-tv.en.softonic.co,,https://free-ip-tv.en.softonic.co
www.providencejournal.co,,https://www.providencejournal.co
www.acro.police.uk,,https://www.acro.police.uk
www.kluwerlawonline.com,,https://www.kluwerlawonline.com
www.bookrix.com,,https://www.bookrix.com
www.bookrix.de,,https://www.bookrix.de
support.nagios.com,,https://support.nagios.com
ecastats.uneca.org,,https://ecastats.uneca.org
documentation.centreon.com,,https://documentation.centreon.com
tedlab.mit.edu,,https://tedlab.mit.edu
www.grandgables.com,,https://www.grandgables.com
sawmillcreek.org,,https://sawmillcreek.org
www.marijuanabreak.co,,https://www.marijuanabreak.co
www.beachrealtycapecod.com,,https://www.beachrealtycapecod.com
www.nifootballleague.com,,https://www.nifootballleague.com
atn.ua,,https://atn.ua
www.asil.org,,https://www.asil.org
www.uicc.org,,https://www.uicc.org
www.mitacs.ca,,https://www.mitacs.ca
www.aacr.org,,https://www.aacr.org
www.heinnie.com,,https://www.heinnie.com
www.confirmtkt.com,,https://www.confirmtkt.com
www.dicentral.co,,https://www.dicentral.co
shop.scholastic.com.au,,https://shop.scholastic.com.au
www.teamknowhow.co,,https://www.teamknowhow.co
www.northerntrust.co,,https://www.northerntrust.co
haveibeenpwned.co,,https://haveibeenpwned.co
litnet.co,,https://litnet.co
bgp.he.net,,https://bgp.he.net
publishersrow.com,,https://publishersrow.com
www.cro.ie,,https://www.cro.ie
thuvienphapluat.vn,,https://thuvienphapluat.vn
thuvienphapluat.vn,,https://thuvienphapluat.vn
www.touchstoneimaging.co,,https://www.touchstoneimaging.co
www.oilfieldtechnology.com,,https://www.oilfieldtechnology.com
www.proudonline.co.uk,,https://www.proudonline.co.uk
www.canfor.co,,https://www.canfor.co
www.cantabilesoftware.com,,https://www.cantabilesoftware.com
www.gordonandmacphail.com,,https://www.gordonandmacphail.com
www.aa.com.tr,,https://www.aa.com.tr
www.sedis.com,,https://www.sedis.com
www.wholefoodsmarket.co,,https://www.wholefoodsmarket.co
tcil.com,,https://tcil.com
www.loumalnatis.co,,https://www.loumalnatis.co
www.icls.ca,,https://www.icls.ca
www.consultingroom.com,,https://www.consultingroom.com
www.bowiemedical.nl,,https://www.bowiemedical.nl
www.natrol.co,,https://www.natrol.co
math.berkeley.edu,,https://math.berkeley.edu
aso.gov.au,,https://aso.gov.au
www.sum.dk,,https://www.sum.dk
npidb.org,,https://npidb.org
local.fedex.com,,https://local.fedex.com
www.dchsystem.co,,https://www.dchsystem.co
www.journeys.co,,https://www.journeys.co
prahs.co,,https://prahs.co
www.sfsymphony.org,,https://www.sfsymphony.org
www.almaobservatory.org,,https://www.almaobservatory.org
hiphopdx.co,,https://hiphopdx.co
www.ijpediatrics.com,,https://www.ijpediatrics.com
www.fusfoo.com,,https://www.fusfoo.com
www.rodanandfields.co,,https://www.rodanandfields.co
mywiki.wooledge.org,,https://mywiki.wooledge.org
www.spine.org,,https://www.spine.org
www.thenerve.net,,https://www.thenerve.net
www.e-neurospine.org,,https://www.e-neurospine.org
www.asianspinejournal.org,,https://www.asianspinejournal.org
www.kezarrealty.com,,https://www.kezarrealty.com
www.rizzomattson.com,,https://www.rizzomattson.com
www.dane.gov.co,,https://www.dane.gov.co
www.inei.gob.pe,,https://www.inei.gob.pe
www.pediatriconcall.com,,https://www.pediatriconcall.com
www.museumfuernaturkunde.berlin,,https://www.museumfuernaturkunde.berlin
revistas.ucm.es,,https://revistas.ucm.es
www.igi-global.com,,https://www.igi-global.com
www.itrcweb.org,,https://www.itrcweb.org
eu4.paradoxwikis.com,,https://eu4.paradoxwikis.com
www.tradersway.co,,https://www.tradersway.co
www.nseindia.co,,https://www.nseindia.co
www.vespavelutina.eu,,https://www.vespavelutina.eu
ijog.geologi.esdm.go.id,,https://ijog.geologi.esdm.go.id
www.adventures-abroad.com,,https://www.adventures-abroad.com
reizen-en-recreatie.infonu.nl,,https://reizen-en-recreatie.infonu.nl
app.leadformly.com,,https://app.leadformly.com
www.universalorlando.co,,https://www.universalorlando.co
www.orlandohealth.co,,https://www.orlandohealth.co
conferences.moneyshow.com,,https://conferences.moneyshow.com
orlandofringe.showare.co,,https://orlandofringe.showare.co
www.ouc.co,,https://www.ouc.co
www.cfxway.co,,https://www.cfxway.co
seascaperealty.com,,https://seascaperealty.com
www.traditioninaction.org,,https://www.traditioninaction.org
fromthetrenchesworldreport.com,,https://fromthetrenchesworldreport.com
soar.wichita.edu,,https://soar.wichita.edu
allaboutwatersheds.org,,https://allaboutwatersheds.org
sfwater.org,,https://sfwater.org
bee.cityofboise.org,,https://bee.cityofboise.org
www1.agric.gov.ab.ca,,https://www1.agric.gov.ab.ca
www.comicartfans.com,,https://www.comicartfans.com
www.ferries.gr,,https://www.ferries.gr
www.theologynetwork.org,,https://www.theologynetwork.org
www.abc27.co,,https://www.abc27.co
www.ywam.org,,https://www.ywam.org
www.storagetreasures.co,,https://www.storagetreasures.co
www.kobelcocm-global.com,,https://www.kobelcocm-global.com
www.freshbooks.co,,https://www.freshbooks.co
www.bmocm.co,,https://www.bmocm.co
www.internationaltrucks.co,,https://www.internationaltrucks.co
accessories.harley-davidson.ca,,https://accessories.harley-davidson.ca
backyardbrains.com,,https://backyardbrains.com
www.meetingsint.com,,https://www.meetingsint.com
sahealth.co,,https://sahealth.co
www.florencebank.co,,https://www.florencebank.co
jah.journalhosting.ucalgary.ca,,https://jah.journalhosting.ucalgary.ca
www.roadrunnersports.co,,https://www.roadrunnersports.co
www.phivolcs.dost.gov.ph,,https://www.phivolcs.dost.gov.ph
www.wasteconnections.co,,https://www.wasteconnections.co
www.kingston.vic.gov.au,,https://www.kingston.vic.gov.au
www.stalbans.gov.uk,,https://www.stalbans.gov.uk
www.swan.wa.gov.au,,https://www.swan.wa.gov.au
foleymotorsports.co,,https://foleymotorsports.co
www.rightathome.net,,https://www.rightathome.net
www.pennymacusa.co,,https://www.pennymacusa.co
www.thepennyhoarder.co,,https://www.thepennyhoarder.co
www.spendwithpennies.co,,https://www.spendwithpennies.co
www.duchyoflancaster.co.uk,,https://www.duchyoflancaster.co.uk
www.metrorio.com.br,,https://www.metrorio.com.br
wildpitch-baseball.club,,https://wildpitch-baseball.club
scars.co,,https://scars.co
syneron-candela.com,,https://syneron-candela.com
www.jkns.or.kr,,https://www.jkns.or.kr
www.ntc.gov.au,,https://www.ntc.gov.au
