ebook.com,,https://ebook.com
ionary.org,,https://ionary.org
ebook.com,,https://ebook.com
ionary.org,,https://ionary.org
ionary.org,,https://ionary.org
www.lalpathlabs.co,,https://www.lalpathlabs.co
www.rbi.org.in,,https://www.rbi.org.in
es.aegeanair.co,,https://es.aegeanair.co
decisionaid.ohri.ca,,https://decisionaid.ohri.ca
www.stmath.co,,https://www.stmath.co
www.physicsclassroom.co,,https://www.physicsclassroom.co
www.kickstarter.co,,https://www.kickstarter.co
sol.du.ac.in,,https://sol.du.ac.in
eta.gov.lk,,https://eta.gov.lk
www.employeenavigator.co,,https://www.employeenavigator.co
www.rssc.co,,https://www.rssc.co
unzip-wizard.en.softonic.co,,https://unzip-wizard.en.softonic.co
www.maggiesottero.co,,https://www.maggiesottero.co
www.scientificamerican.co,,https://www.scientificamerican.co
www.deccanrummy.co,,https://www.deccanrummy.co
www.fullernaples.co,,https://www.fullernaples.co
www.boersen-zeitung.de,,https://www.boersen-zeitung.de
www.martinbros.com,,https://www.martinbros.com
www.stanleysteemer.co,,https://www.stanleysteemer.co
agora-parl.org,,https://agora-parl.org
k9ballistics.co,,https://k9ballistics.co
www.gartnerstudios.co,,https://www.gartnerstudios.co
www.currentcatalog.co,,https://www.currentcatalog.co
trojan-guarder.en.softonic.co,,https://trojan-guarder.en.softonic.co
hoi4.paradoxwikis.com,,https://hoi4.paradoxwikis.com
www.dupagemedicalgroup.co,,https://www.dupagemedicalgroup.co
www.washingtonradiology.co,,https://www.washingtonradiology.co
www.markelinsurance.co,,https://www.markelinsurance.co
www.thumbtack.co,,https://www.thumbtack.co
www.fourseasons.co,,https://www.fourseasons.co
www.conns.co,,https://www.conns.co
www.davidrumsey.com,,https://www.davidrumsey.com
www.skystore.co,,https://www.skystore.co
www.athenadiagnostics.co,,https://www.athenadiagnostics.co
www.sgcarmart.com,,https://www.sgcarmart.com
draxe.co,,https://draxe.co
www.freemanhealth.co,,https://www.freemanhealth.co
www.lecreuset.co,,https://www.lecreuset.co
www.palmbeachpost.co,,https://www.palmbeachpost.co
www.palmbeachpost.co,,https://www.palmbeachpost.co
chicago.suntimes.co,,https://chicago.suntimes.co
www.guardianlife.co,,https://www.guardianlife.co
www.invitationhomes.co,,https://www.invitationhomes.co
eu4.paradoxwikis.com,,https://eu4.paradoxwikis.com
www.justbats.co,,https://www.justbats.co
www.clearcareonline.co,,https://www.clearcareonline.co
www.gopatientco.co,,https://www.gopatientco.co
www.avinc.com,,https://www.avinc.com
www.presstv.co,,https://www.presstv.co
www.jossandmain.co,,https://www.jossandmain.co
www.pepperfry.co,,https://www.pepperfry.co
www.marsrouge.co,,https://www.marsrouge.co
stanza-desktop.en.softonic.co,,https://stanza-desktop.en.softonic.co
totaliceland.com,,https://totaliceland.com
www.drscholls.co,,https://www.drscholls.co
www.cira.it,,https://www.cira.it
www.midamericanenergy.co,,https://www.midamericanenergy.co
www.nipsco.co,,https://www.nipsco.co
www.oklahomanaturalgas.co,,https://www.oklahomanaturalgas.co
www.reverbnation.co,,https://www.reverbnation.co
www.frysfood.co,,https://www.frysfood.co
www.pepperfry.co,,https://www.pepperfry.co
www.medievalcollectibles.co,,https://www.medievalcollectibles.co
www.orvis.co,,https://www.orvis.co
www.laweekly.co,,https://www.laweekly.co
www.bigfinish.co,,https://www.bigfinish.co
www.vermillionbank.co,,https://www.vermillionbank.co
www.vermillionbank.co,,https://www.vermillionbank.co
www.holidayautos.co,,https://www.holidayautos.co
aeromexico.co,,https://aeromexico.co
file-scavenger.en.softonic.co,,https://file-scavenger.en.softonic.co
revistas-filologicas.unam.mx,,https://revistas-filologicas.unam.mx
discuss.inventables.com,,https://discuss.inventables.com
www.newsinlevels.co,,https://www.newsinlevels.co
brawl.edhrec.co,,https://brawl.edhrec.co
skype-for-business.en.softonic.co,,https://skype-for-business.en.softonic.co
www.viber.co,,https://www.viber.co
www.lifeloc.co,,https://www.lifeloc.co
matrix.itasoftware.co,,https://matrix.itasoftware.co
global.hurtigruten.co,,https://global.hurtigruten.co
www.celebritycruises.co,,https://www.celebritycruises.co
www.tzell.co,,https://www.tzell.co
hattrbridge.co,,https://hattrbridge.co
www.globalsources.co,,https://www.globalsources.co
www.familydollar.co,,https://www.familydollar.co
www.saddahaq.com,,https://www.saddahaq.com
www.mayfieldclinic.com,,https://www.mayfieldclinic.com
eau18.uroweb.org,,https://eau18.uroweb.org
faculty.missouri.edu,,https://faculty.missouri.edu
menstrualcupreviews.net,,https://menstrualcupreviews.net
www.waterpik.com,,https://www.waterpik.com
khkgears.net,,https://khkgears.net
batepapo.uol.com.br,,https://batepapo.uol.com.br
www.xscores.co,,https://www.xscores.co
musescore.co,,https://musescore.co
realestateguysradio.com,,https://realestateguysradio.com
www.nhlottery.co,,https://www.nhlottery.co
www.nhlottery.co,,https://www.nhlottery.co
pierce.instructure.co,,https://pierce.instructure.co
www.visitingangels.co,,https://www.visitingangels.co
www.visitingangels.co,,https://www.visitingangels.co
west-sussex-family-assist.custhelp.co,,https://west-sussex-family-assist.custhelp.co
www.fathomevents.co,,https://www.fathomevents.co
www.awaytravel.co,,https://www.awaytravel.co
districts.ecourts.gov.in,,https://districts.ecourts.gov.in
www2.stat.duke.edu,,https://www2.stat.duke.edu
www.unitedwifi.co,,https://www.unitedwifi.co
www.southernrailway.co,,https://www.southernrailway.co
virtual-piano-1.en.softonic.co,,https://virtual-piano-1.en.softonic.co
marketchameleon.com,,https://marketchameleon.com
www.greif.co,,https://www.greif.co
www.mcmaster.co,,https://www.mcmaster.co
awoko.org,,https://awoko.org
www.tomorrowsleep.co,,https://www.tomorrowsleep.co
dict.eudic.net,,https://dict.eudic.net
www.wolf-alkmaar.nl,,https://www.wolf-alkmaar.nl
www.cokesbury.co,,https://www.cokesbury.co
www.vonmaur.co,,https://www.vonmaur.co
www.spiritdaily.co,,https://www.spiritdaily.co
www.crowdcow.co,,https://www.crowdcow.co
www.milwaukeetool.co,,https://www.milwaukeetool.co
loyaltylobby.co,,https://loyaltylobby.co
www.hobbylobby.co,,https://www.hobbylobby.co
www.notmar.gc.ca,,https://www.notmar.gc.ca
bangordailynews.co,,https://bangordailynews.co
www.charlotteobserver.co,,https://www.charlotteobserver.co
www.charlotteobserver.co,,https://www.charlotteobserver.co
seu.conselldemallorca.net,,https://seu.conselldemallorca.net
www.discounttire.co,,https://www.discounttire.co
www.shopbmwusa.co,,https://www.shopbmwusa.co
archivaria.ca,,https://archivaria.ca
www.judici.co,,https://www.judici.co
www.sezane.co,,https://www.sezane.co
sccn.ucsd.edu,,https://sccn.ucsd.edu
www.kslottery.co,,https://www.kslottery.co
www.chairish.co,,https://www.chairish.co
www.chairish.co,,https://www.chairish.co
www.4wheelparts.co,,https://www.4wheelparts.co
binaryrobot365.co,,https://binaryrobot365.co
shop.franklinplanner.co,,https://shop.franklinplanner.co
shop.franklinplanner.co,,https://shop.franklinplanner.co
crn.lhh.co,,https://crn.lhh.co
www.ouidad.co,,https://www.ouidad.co
www.concur.co,,https://www.concur.co
phst.jp,,https://phst.jp
wasnap-ed.org,,https://wasnap-ed.org
www.misaves.co,,https://www.misaves.co
agents.sagesure.co,,https://agents.sagesure.co
agency.myfirstam.co,,https://agency.myfirstam.co
agent.directhealth.co,,https://agent.directhealth.co
www.auto-owners.co,,https://www.auto-owners.co
www.pinnacol.co,,https://www.pinnacol.co
www.homelight.co,,https://www.homelight.co
www.countryfinancial.co,,https://www.countryfinancial.co
www.aerotek.co,,https://www.aerotek.co
www.berkshireeagle.co,,https://www.berkshireeagle.co
www.staffmarket.com,,https://www.staffmarket.com
www.staffmarket.com,,https://www.staffmarket.com
sauder.co,,https://sauder.co
sauder.co,,https://sauder.co
www.cortclearancefurniture.co,,https://www.cortclearancefurniture.co
www.americansignaturefurniture.co,,https://www.americansignaturefurniture.co
www.jossandmain.co,,https://www.jossandmain.co
www.milb.co,,https://www.milb.co
marketrealist.co,,https://marketrealist.co
www.crucial.co,,https://www.crucial.co
oilprice.co,,https://oilprice.co
www.prodigygame.co,,https://www.prodigygame.co
www.opgi.co,,https://www.opgi.co
www.biodiversidad.gob.mx,,https://www.biodiversidad.gob.mx
www.biodiversidad.gob.mx,,https://www.biodiversidad.gob.mx
www.16personalities.co,,https://www.16personalities.co
www.americastestkitchen.co,,https://www.americastestkitchen.co
www.cooksillustrated.co,,https://www.cooksillustrated.co
neogenomics.co,,https://neogenomics.co
neogenomics.co,,https://neogenomics.co
www.wcvb.co,,https://www.wcvb.co
free-ip-tv.en.softonic.co,,https://free-ip-tv.en.softonic.co
www.providencejournal.co,,https://www.providencejournal.co
tedlab.mit.edu,,https://tedlab.mit.edu
sawmillcreek.org,,https://sawmillcreek.org
www.marijuanabreak.co,,https://www.marijuanabreak.co
www.beachrealtycapecod.com,,https://www.beachrealtycapecod.com
www.dicentral.co,,https://www.dicentral.co
www.teamknowhow.co,,https://www.teamknowhow.co
www.teamknowhow.co,,https://www.teamknowhow.co
www.northerntrust.co,,https://www.northerntrust.co
haveibeenpwned.co,,https://haveibeenpwned.co
litnet.co,,https://litnet.co
thuvienphapluat.vn,,https://thuvienphapluat.vn
www.touchstoneimaging.co,,https://www.touchstoneimaging.co
www.canfor.co,,https://www.canfor.co
www.sedis.com,,https://www.sedis.com
www.wholefoodsmarket.co,,https://www.wholefoodsmarket.co
www.loumalnatis.co,,https://www.loumalnatis.co
www.loumalnatis.co,,https://www.loumalnatis.co
www.natrol.co,,https://www.natrol.co
www.dchsystem.co,,https://www.dchsystem.co
www.journeys.co,,https://www.journeys.co
prahs.co,,https://prahs.co
hiphopdx.co,,https://hiphopdx.co
www.rodanandfields.co,,https://www.rodanandfields.co
www.pediatriconcall.com,,https://www.pediatriconcall.com
eu4.paradoxwikis.com,,https://eu4.paradoxwikis.com
www.tradersway.co,,https://www.tradersway.co
www.nseindia.co,,https://www.nseindia.co
www.adventures-abroad.com,,https://www.adventures-abroad.com
www.universalorlando.co,,https://www.universalorlando.co
www.orlandohealth.co,,https://www.orlandohealth.co
conferences.moneyshow.com,,https://conferences.moneyshow.com
orlandofringe.showare.co,,https://orlandofringe.showare.co
www.ouc.co,,https://www.ouc.co
www.cfxway.co,,https://www.cfxway.co
www.comicartfans.com,,https://www.comicartfans.com
www.abc27.co,,https://www.abc27.co
www.storagetreasures.co,,https://www.storagetreasures.co
www.kobelcocm-global.com,,https://www.kobelcocm-global.com
www.freshbooks.co,,https://www.freshbooks.co
www.bmocm.co,,https://www.bmocm.co
sahealth.co,,https://sahealth.co
www.florencebank.co,,https://www.florencebank.co
www.roadrunnersports.co,,https://www.roadrunnersports.co
www.wasteconnections.co,,https://www.wasteconnections.co
foleymotorsports.co,,https://foleymotorsports.co
www.pennymacusa.co,,https://www.pennymacusa.co
www.thepennyhoarder.co,,https://www.thepennyhoarder.co
www.spendwithpennies.co,,https://www.spendwithpennies.co
scars.co,,https://scars.co
