gameofthrones.fandom.com,,https://gameofthrones.fandom.com
www.pottermore.co,,https://www.pottermore.co
www.exphem.org,,https://www.exphem.org
img1.wsimg.com,,https://img1.wsimg.com
eta.gov.lk,,https://eta.gov.lk
www.deccanrummy.co,,https://www.deccanrummy.co
www.fullernaples.co,,https://www.fullernaples.co
www.flixster.co,,https://www.flixster.co
www.flixster.co,,https://www.flixster.co
rightbankwarsaw.com,,https://rightbankwarsaw.com
hoi4.paradoxwikis.com,,https://hoi4.paradoxwikis.com
doodle.co,,https://doodle.co
eprints.kingston.ac.uk,,https://eprints.kingston.ac.uk
www.orangepippintrees.eu,,https://www.orangepippintrees.eu
www.antweb.org,,https://www.antweb.org
obesitymedicine.org,,https://obesitymedicine.org
cdn.hackaday.io,,https://cdn.hackaday.io
www.gamesofdesire.co,,https://www.gamesofdesire.co
signin.ea.com,,https://signin.ea.com
researchguides.case.edu,,https://researchguides.case.edu
www.dfrobot.com,,https://www.dfrobot.com
gspp.berkeley.edu,,https://gspp.berkeley.edu
www.cira.it,,https://www.cira.it
ncode.syosetu.com,,https://ncode.syosetu.com
www.tumi.com,,https://www.tumi.com
www.newmexicolegalaid.org,,https://www.newmexicolegalaid.org
www.godaddy.co,,https://www.godaddy.co
bdtd.unifal-mg.edu.br,,https://bdtd.unifal-mg.edu.br
macmule.com,,https://macmule.com
www.mayfieldclinic.com,,https://www.mayfieldclinic.com
www.theosociety.org,,https://www.theosociety.org
songhotels.com.au,,https://songhotels.com.au
www.thepartsalliance.com,,https://www.thepartsalliance.com
www.sheltertree.com,,https://www.sheltertree.com
batepapo.uol.com.br,,https://batepapo.uol.com.br
www.med.uottawa.ca,,https://www.med.uottawa.ca
store.discovery.co,,https://store.discovery.co
districts.ecourts.gov.in,,https://districts.ecourts.gov.in
www.abyssinica.com,,https://www.abyssinica.com
insinkerator.emerson.com,,https://insinkerator.emerson.com
www.johnwoodwaterheaters.com,,https://www.johnwoodwaterheaters.com
www.dethlefsen-balk.de,,https://www.dethlefsen-balk.de
www.freelancewriting.co,,https://www.freelancewriting.co
www.ntuc.org.sg,,https://www.ntuc.org.sg
dict.eudic.net,,https://dict.eudic.net
canaanbaptist.org,,https://canaanbaptist.org
eclarity.com.sg,,https://eclarity.com.sg
canopusdrums.com,,https://canopusdrums.com
linuxacademy.com,,https://linuxacademy.com
capital.com.my,,https://capital.com.my
www.riogrande.coop,,https://www.riogrande.coop
www4.aucegypt.edu,,https://www4.aucegypt.edu
www4.aucegypt.edu,,https://www4.aucegypt.edu
phst.jp,,https://phst.jp
www.heidelberg.com,,https://www.heidelberg.com
www.tosoheurope.com,,https://www.tosoheurope.com
www.emka.si,,https://www.emka.si
stpaulpgm.org,,https://stpaulpgm.org
whatismyipaddress.co,,https://whatismyipaddress.co
www.kbb.com,,https://www.kbb.com
ojs.victoria.ac.nz,,https://ojs.victoria.ac.nz
www.harmonsgrocery.com,,https://www.harmonsgrocery.com
web32.uottawa.ca,,https://web32.uottawa.ca
www.dsacommunityfoundation.org,,https://www.dsacommunityfoundation.org
www.canfor.co,,https://www.canfor.co
www.press.jhu.edu,,https://www.press.jhu.edu
www.edb.sk,,https://www.edb.sk
tureng.co,,https://tureng.co
www.performancebike.com,,https://www.performancebike.com
business-insurance.aon.com.au,,https://business-insurance.aon.com.au
digitum.um.es,,https://digitum.um.es
www.flowerphotos.com,,https://www.flowerphotos.com
eu4.paradoxwikis.com,,https://eu4.paradoxwikis.com
conferences.moneyshow.com,,https://conferences.moneyshow.com
www.santepubliquefrance.fr,,https://www.santepubliquefrance.fr
macsphere.mcmaster.ca,,https://macsphere.mcmaster.ca
vectorstate.com,,https://vectorstate.com
www.kobelcocm-global.com,,https://www.kobelcocm-global.com
www.rri-tools.eu,,https://www.rri-tools.eu
www.asics.com,,https://www.asics.com
mylife.org.pk,,https://mylife.org.pk
www.nakama.network,,https://www.nakama.network
www.englishforums.com,,https://www.englishforums.com
