thatalchemistwoman.wordpress.co,,https://thatalchemistwoman.wordpress.co
www.ontarioparks.com,,https://www.ontarioparks.com
img1.wsimg.com,,https://img1.wsimg.com
t4.answers.travian.com,,https://t4.answers.travian.com
www.stat.auckland.ac.nz,,https://www.stat.auckland.ac.nz
solutions-in-plastics.info,,https://solutions-in-plastics.info
community.sharefilesupport.com,,https://community.sharefilesupport.com
www.southwest.com,,https://www.southwest.com
pubs.asha.org,,https://pubs.asha.org
www.draper.co,,https://www.draper.co
www.doordash.com,,https://www.doordash.com
www.walmart.ca,,https://www.walmart.ca
www.richardmarggrafturley.com,,https://www.richardmarggrafturley.com
www.watfordobserver.co.uk,,https://www.watfordobserver.co.uk
citas.sat.gob.mx,,https://citas.sat.gob.mx
citas.sat.gob.mx,,https://citas.sat.gob.mx
relols.com,,https://relols.com
www.asthmafoundation.org.nz,,https://www.asthmafoundation.org.nz
www.bluemountain.co,,https://www.bluemountain.co
www.hallmark.co,,https://www.hallmark.co
www.jacquielawson.co,,https://www.jacquielawson.co
www.express.co,,https://www.express.co
hoi4.paradoxwikis.com,,https://hoi4.paradoxwikis.com
www.anl.com.au,,https://www.anl.com.au
repository.nwu.ac.za,,https://repository.nwu.ac.za
www.leekofman.com.au,,https://www.leekofman.com.au
robbiesinspiration.wordpress.co,,https://robbiesinspiration.wordpress.co
robbiesinspiration.wordpress.co,,https://robbiesinspiration.wordpress.co
www.wixonjewelers.com,,https://www.wixonjewelers.com
cdn.hackaday.io,,https://cdn.hackaday.io
www.id-logistics.com,,https://www.id-logistics.com
desired.bandcamp.co,,https://desired.bandcamp.co
desired.bandcamp.co,,https://desired.bandcamp.co
eu4.paradoxwikis.com,,https://eu4.paradoxwikis.com
help.symantec.com,,https://help.symantec.com
sharondrury.com,,https://sharondrury.com
www.semel.ucla.edu,,https://www.semel.ucla.edu
sea.ign.com,,https://sea.ign.com
smokefree.gov,,https://smokefree.gov
www.hazeldenbettyford.org,,https://www.hazeldenbettyford.org
ff.couponplatz.de,,https://ff.couponplatz.de
canvas.ucsc.edu,,https://canvas.ucsc.edu
cfapp.icao.int,,https://cfapp.icao.int
help.ebsco.com,,https://help.ebsco.com
www.wlfi.com,,https://www.wlfi.com
www.skylineluge.com,,https://www.skylineluge.com
breather.co,,https://breather.co
www.healthcare.gov,,https://www.healthcare.gov
store.enthought.com,,https://store.enthought.com
www.follett.co,,https://www.follett.co
www.92y.org,,https://www.92y.org
kompakt.fm,,https://kompakt.fm
www.nendaz.ch,,https://www.nendaz.ch
www.thehomelike.com,,https://www.thehomelike.com
lamassu.is,,https://lamassu.is
coinmarketcap.co,,https://coinmarketcap.co
www.emarketer.co,,https://www.emarketer.co
www.ecetiaustralia.org,,https://www.ecetiaustralia.org
montreal.ctvnews.ca,,https://montreal.ctvnews.ca
www.ticketweb.com,,https://www.ticketweb.com
www.barneys.com,,https://www.barneys.com
www.geocaching.co,,https://www.geocaching.co
community.quickbase.com,,https://community.quickbase.com
ched.gov.ph,,https://ched.gov.ph
www.naturalreaders.com,,https://www.naturalreaders.com
www.watsons.com.my,,https://www.watsons.com.my
www.ncwildlife.org,,https://www.ncwildlife.org
drcatesthespadr.podbean.com,,https://drcatesthespadr.podbean.com
www.purchasingpower.com,,https://www.purchasingpower.com
selinc.co,,https://selinc.co
nf.aafp.org,,https://nf.aafp.org
bdtd.unifal-mg.edu.br,,https://bdtd.unifal-mg.edu.br
group.bnpparibas,,https://group.bnpparibas
nctc.instructure.com,,https://nctc.instructure.com
docs.sdl.com,,https://docs.sdl.com
www.sharpusa.com,,https://www.sharpusa.com
www.paramount.com,,https://www.paramount.com
thrivehive.com,,https://thrivehive.com
owner.ford.com,,https://owner.ford.com
www.whig.com,,https://www.whig.com
www.freetaxusa.co,,https://www.freetaxusa.co
www.hertz.com,,https://www.hertz.com
wss.mahadiscom.in,,https://wss.mahadiscom.in
pcs.mahaonline.gov.in,,https://pcs.mahaonline.gov.in
www.spsd.sk.ca,,https://www.spsd.sk.ca
www.childrensplace.com,,https://www.childrensplace.com
due.com,,https://due.com
www.morganstanley.com,,https://www.morganstanley.com
www.knoll.com,,https://www.knoll.com
www.davidsbridal.com,,https://www.davidsbridal.com
www.haagendazs.us,,https://www.haagendazs.us
www.cmegroup.com,,https://www.cmegroup.com
radiounderland.podbean.com,,https://radiounderland.podbean.com
peacekeeping.un.org,,https://peacekeeping.un.org
www.mathisbrothers.co,,https://www.mathisbrothers.co
www.festo.com,,https://www.festo.com
www.pinterest.cl,,https://www.pinterest.cl
jst.doded.mil,,https://jst.doded.mil
www.emsc-csem.org,,https://www.emsc-csem.org
www.native-instruments.com,,https://www.native-instruments.com
www.daimler.com,,https://www.daimler.com
foia.state.gov,,https://foia.state.gov
www.umsystem.edu,,https://www.umsystem.edu
gls-group.eu,,https://gls-group.eu
bostonpizza.com,,https://bostonpizza.com
www.bestwestern.com,,https://www.bestwestern.com
www.omega.co,,https://www.omega.co
www.nsandi.com,,https://www.nsandi.com
www.dnb.com,,https://www.dnb.com
app.avention.co,,https://app.avention.co
www.geology.lu.se,,https://www.geology.lu.se
www4.aucegypt.edu,,https://www4.aucegypt.edu
allihoopa.com,,https://allihoopa.com
www.jneb.org,,https://www.jneb.org
www.apartments.com,,https://www.apartments.com
www.technosport.co,,https://www.technosport.co
www.sportsexperts.ca,,https://www.sportsexperts.ca
www.humana.com,,https://www.humana.com
www.erieinsurance.co,,https://www.erieinsurance.co
www.jma.go.jp,,https://www.jma.go.jp
www.carlsonwagonlit.co,,https://www.carlsonwagonlit.co
www.wandertrails.com,,https://www.wandertrails.com
www.wandertrails.com,,https://www.wandertrails.com
armypubs.army.mil,,https://armypubs.army.mil
www.gipsstandards.org,,https://www.gipsstandards.org
www.oasas.ny.gov,,https://www.oasas.ny.gov
www.ashleyfurniture.com,,https://www.ashleyfurniture.com
classifieds.ksl.com,,https://classifieds.ksl.com
www.flexsteel.co,,https://www.flexsteel.co
www.overstock.co,,https://www.overstock.co
www.citynews1130.com,,https://www.citynews1130.com
www.asahi.com,,https://www.asahi.com
www.express.com,,https://www.express.com
www.biodiversidad.gob.mx,,https://www.biodiversidad.gob.mx
www.thestandardnewspaper.ca,,https://www.thestandardnewspaper.ca
goravens.ca,,https://goravens.ca
web32.uottawa.ca,,https://web32.uottawa.ca
www.njherald.com,,https://www.njherald.com
moonwalklondon2018.everydayhero.com,,https://moonwalklondon2018.everydayhero.com
www.mandalaybay.com,,https://www.mandalaybay.com
www.newyorkfed.org,,https://www.newyorkfed.org
canvas.uw.edu,,https://canvas.uw.edu
www.hhrjournal.org,,https://www.hhrjournal.org
jmd.amjpathol.org,,https://jmd.amjpathol.org
www.thenerve.net,,https://www.thenerve.net
client.quiltercheviot.co,,https://client.quiltercheviot.co
eu4.paradoxwikis.com,,https://eu4.paradoxwikis.com
caleprocure.ca.gov,,https://caleprocure.ca.gov
shippingforms.bpglobal.com,,https://shippingforms.bpglobal.com
msuweb.montclair.edu,,https://msuweb.montclair.edu
blog.soton.ac.uk,,https://blog.soton.ac.uk
radar.brookes.ac.uk,,https://radar.brookes.ac.uk
www.kingcounty.gov,,https://www.kingcounty.gov
www.chw.org,,https://www.chw.org
www.chw.org,,https://www.chw.org
www.snpedia.com,,https://www.snpedia.com
www.miniusa.com,,https://www.miniusa.com
taylormadegolf.com,,https://taylormadegolf.com
s7d2.scene7.com,,https://s7d2.scene7.com
shb.ais.ucla.edu,,https://shb.ais.ucla.edu
www.belimo.com,,https://www.belimo.com
www.newbalance.com,,https://www.newbalance.com
online.bradford.gov.uk,,https://online.bradford.gov.uk
online.bradford.gov.uk,,https://online.bradford.gov.uk
www.expressandstar.com,,https://www.expressandstar.com
