dpeaflcio.org,,https://dpeaflcio.org
www.iep.utm.edu,,https://www.iep.utm.edu
bestapples.com,,https://bestapples.com
australianmuseum.net.au,,https://australianmuseum.net.au
www.surette-realestate.com,,https://www.surette-realestate.com
www.surette-realestate.com,,https://www.surette-realestate.com
www.robbinschevy.co,,https://www.robbinschevy.co
thesefootballtimes.co,,https://thesefootballtimes.co
neosmart.net,,https://neosmart.net
iovs.arvojournals.org,,https://iovs.arvojournals.org
stellaris.paradoxwikis.com,,https://stellaris.paradoxwikis.com
www.tourisme-alsace.com,,https://www.tourisme-alsace.com
www.cem-protection.com,,https://www.cem-protection.com
www.paulettesauve.com,,https://www.paulettesauve.com
read.dukeupress.edu,,https://read.dukeupress.edu
jamanetwork.com,,https://jamanetwork.com
thecasswiki.net,,https://thecasswiki.net
ck2.paradoxwikis.com,,https://ck2.paradoxwikis.com
www.robomow.com,,https://www.robomow.com
ezcanvas.com,,https://ezcanvas.com
askaquestionto.us,,https://askaquestionto.us
www.rushcard.co,,https://www.rushcard.co
s2018.siggraph.org,,https://s2018.siggraph.org
www.gsa.europa.eu,,https://www.gsa.europa.eu
www.pma.com,,https://www.pma.com
pubs.geoscienceworld.org,,https://pubs.geoscienceworld.org
gq.pgi.gov.pl,,https://gq.pgi.gov.pl
leader.pubs.asha.org,,https://leader.pubs.asha.org
www.docsquiffy.co,,https://www.docsquiffy.co
elcajon.gwfathom.co,,https://elcajon.gwfathom.co
www.logmein.co,,https://www.logmein.co
www.stpatricksfestival.ie,,https://www.stpatricksfestival.ie
www.cairn.info,,https://www.cairn.info
www.rettie.co.uk,,https://www.rettie.co.uk
casper.berkeley.edu,,https://casper.berkeley.edu
www.butfootballclub.fr,,https://www.butfootballclub.fr
www.industrystock.com,,https://www.industrystock.com
www.paycheckrecords.co,,https://www.paycheckrecords.co
www.egnyte.co,,https://www.egnyte.co
www.wilsonsleather.co,,https://www.wilsonsleather.co
incubator.duolingo.co,,https://incubator.duolingo.co
www.appliancewhse.co,,https://www.appliancewhse.co
www.waveapps.co,,https://www.waveapps.co
cabrillo.instructure.co,,https://cabrillo.instructure.co
www.visitsanantonio.co,,https://www.visitsanantonio.co
www.singaporeair.co,,https://www.singaporeair.co
www.iaindale.com,,https://www.iaindale.com
www.dot.ny.gov,,https://www.dot.ny.gov
www.burnabynow.com,,https://www.burnabynow.com
kb.osu.edu,,https://kb.osu.edu
www.ilae.org,,https://www.ilae.org
www.bethinking.org,,https://www.bethinking.org
www.claypaky.it,,https://www.claypaky.it
freshdelmonte.co,,https://freshdelmonte.co
wikisaga.hi.is,,https://wikisaga.hi.is
www.marathondumedoc.com,,https://www.marathondumedoc.com
